活動ID,年度,活動名稱,活動日期,鄉鎮市區,活動地點,計畫名稱,活動類型,活動主題,對應SDGs,活動效益摘要,參與人次,合作單位,講師/帶領者,成果關鍵字,封面照片路徑,照片資料夾連結,成果照片路徑,影片連結,延伸連結,是否首頁精選,是否公開,備註
112-001,112,水環境生態檢和概述及生態工法案例分享,7/28,朴子市,嘉義縣立圖書館,,講座,環境教育,"4,6,15",透過環境議題課程與地方觀察，引導參與者從生活周遭理解土地、水資源與社區環境之間的關係。活動將環境教育從知識宣導轉化為在地觀察與公共參與，累積後續推動地方永續行動的基礎。,30,,,,/images/activities/112-001/cover.jpg,,"/images/activities/112-001/01.jpg,/images/activities/112-001/02.jpg,/images/activities/112-001/03.jpg,/images/activities/112-001/04.jpg,/images/activities/112-001/05.jpg",,,,是,
112-002,112,樸仔樹腳走畫,8/5,朴子市,配天宮、榮昌戲院、玉勝巷,公民素養計畫,工作坊,地方走讀,"4,11",透過朴子老城走讀與現地速寫，帶領參與者走訪配天宮、榮昌戲院、玉勝巷等地方記憶場域，從建築、街巷與影劇文化重新理解朴子城鎮發展。活動將導覽解說轉化為手繪紀錄，讓民眾不只拍照留存，也能透過觀察與創作保存地方空間記憶，累積後續展示、導覽與地方文化教育素材。,17,,梁紹偉,朴子走讀、配天宮、玉勝巷、榮昌戲院、速寫,/images/activities/112-002/cover.jpg,,"/images/activities/112-002/01.jpg,/images/activities/112-002/02.jpg,/images/activities/112-002/03.jpg,/images/activities/112-002/04.jpg,/images/activities/112-002/05.jpg",,,,是,
112-003,112,愛水愛嘉淨溪,8/13,中埔鄉,中埔赤蘭溪樂活生態園區,公民素養計畫,走讀,環境教育,"4,6,5,17",以水環境與地方生活為主軸，帶領參與者認識水系、聚落與日常使用之間的連結。活動協助民眾從身邊水路理解環境變遷與社區照顧的關係，累積水環境教育與地方行動的素材。,42,大同國小、中埔鄉公所,周明煌,赤蘭溪、淨溪,/images/activities/112-003/cover.jpg,,"/images/activities/112-003/01.jpg,/images/activities/112-003/02.jpg,/images/activities/112-003/03.jpg,/images/activities/112-003/04.jpg,/images/activities/112-003/05.jpg",,,,是,
112-004,112,傳技藝坊-刺繡,8/19,朴子市,嘉義縣立圖書館,公民素養計畫,工作坊,文化保存,"4,8,11",以朴子早期刺繡產業與宗教民俗需求為背景，帶領參與者認識八仙彩、戲服、嫁妝等傳統繡品與地方產業的關係。活動透過手作體驗讓民眾理解刺繡技藝的文化價值，也為逐漸流失的手工技藝留下推廣與傳承紀錄。,32,,劉秀雲,刺繡,/images/activities/112-004/cover.jpg,,"/images/activities/112-004/01.jpg,/images/activities/112-004/02.jpg,/images/activities/112-004/03.jpg,/images/activities/112-004/04.jpg,/images/activities/112-004/05.jpg",,,,是,
112-005,112,嘉傳技藝坊-草鞋編織,9/17,水上鄉,正大書局,公民素養計畫,工作坊,文化保存,"4,8,11,12",透過草鞋編織實作，將過去生活中的傳統穿著與現代文創小物連結，讓參與者理解草編技法如何從日常用品轉化為文化創作。活動降低傳統工藝學習門檻，使民眾在手作過程中認識生活技藝，也累積地方工藝保存與創新應用的成果素材。,28,,薛武登,草鞋,/images/activities/112-005/cover.jpg,,"/images/activities/112-005/01.jpg,/images/activities/112-005/02.jpg,/images/activities/112-005/03.jpg,/images/activities/112-005/04.jpg,/images/activities/112-005/05.jpg",,,,是,
112-006,112,嘉傳技藝坊-藍染,9/24,中埔鄉,和興國小,公民素養計畫,工作坊,文化保存,"4,11,12,6",從臺灣藍染產業與植物染料的歷史出發，帶領參與者認識傳統染色技藝、生活應用與環境友善價值。活動透過藍染實作讓民眾理解自然染料與地方生活工藝的關係，也回應化學染料污染議題，將文化保存與永續生活連結起來。,34,,呂佩珍,藍染,/images/activities/112-006/cover.jpg,,"/images/activities/112-006/01.jpg,/images/activities/112-006/02.jpg,/images/activities/112-006/03.jpg,/images/activities/112-006/04.jpg,/images/activities/112-006/05.jpg",,,,是,
112-007,112,我的身體我做主,10/27,朴子市,嘉義縣立圖書館,,講座,性別平等,"3,5,16",23 名參與者在陳令宜律師講解下，從性騷擾防治法、強暴迷思、性自主權與網路交友等情境辨識身體界線與風險，並以「My Body My Rules」理解每個人都有表達意願、決定自身界線與尊重他人選擇的權利。,23,,陳令宜律師,性別平等,/images/activities/112-007/cover.jpg,,"/images/activities/112-007/01.jpg,/images/activities/112-007/02.jpg,/images/activities/112-007/03.jpg,/images/activities/112-007/04.jpg,/images/activities/112-007/05.jpg",,,,是,
112-008,112,義竹行動教室,11/11,義竹鄉,義竹鄉埤前村農舍學堂,公民素養計畫,工作坊,環境教育,"4,10,11,12",以當地物產原料玉米粉化作生活保養品，製作紓壓泡澡錠，深入偏鄉在人潮聚集點，如榕樹下或廟口學堂處，以藍天綠地作為教室，落實終身教育的信念，減少當地民眾學習路程奔波的辛苦，讓偏遠鄉鎮的民眾也能體驗到學習的樂趣。,21,義竹鄉埤前村社區發展協會,呂佩珍,手工皂、,/images/activities/112-008/cover.jpg,,"/images/activities/112-008/01.jpg,/images/activities/112-008/02.jpg,/images/activities/112-008/03.jpg,/images/activities/112-008/04.jpg,/images/activities/112-008/05.jpg",,,,是,
112-009,112,踐學嘉邑:走讀諸羅山社,11/22,新港鄉,西庄三官大帝廟,公民素養計畫,走讀,地方走讀,"4,11,17",10 名參與者由西庄三官大帝廟林主委與林群桓老師帶領，從廟宇祭祀、古建築與窗稜細節認識西庄聚落，並實地看見昔日製墨望族留下、現已逐漸荒廢的建築，將產業變遷與地方生活記憶連結起來。,10,新港西庄三官大帝廟,林群桓,,/images/activities/112-009/cover.jpg,,"/images/activities/112-009/01.jpg,/images/activities/112-009/02.jpg,/images/activities/112-009/03.jpg,/images/activities/112-009/04.jpg,/images/activities/112-009/05.jpg",,,,是,
112-010,112,踐學嘉邑:走讀諸羅山社,11/23,水上鄉,崎仔頭,公民素養計畫,走讀,地方走讀,"4,11",17 名參與者在崎仔頭走讀中，透過耆老與在地婦女講述，認識龍泉土地公、自然湧泉與端午取午時水的地方記憶，也走訪草鞋製作與小草鞋文創工坊，理解港口運輸需求如何形成延續至第四代的草鞋工藝。,17,,薛武登,,/images/activities/112-010/cover.jpg,,"/images/activities/112-010/01.jpg,/images/activities/112-010/02.jpg,/images/activities/112-010/03.jpg,/images/activities/112-010/04.jpg,/images/activities/112-010/05.jpg",,,,是,
112-011,112,認識舊嘉:探索猿樹港,11/26,東石鄉,西崙村、副瀨村、東石,公民素養計畫,走讀,地方走讀,",4,11,15,17",30 名參與者走訪西崙村、副瀨村與東石，由村長及富安宮等在地人士帶領，從古井、三合院、鳥類棲地、義愛公故事與祭典認識聚落變遷。返程分享中，學員把現場所見連結個人與家族記憶，也具體回應過去曾到訪卻未理解的地方歷史。,30,西崙村長、富安宮,黃碧貞,,/images/activities/112-011/cover.jpg,,"/images/activities/112-011/01.jpg,/images/activities/112-011/02.jpg,/images/activities/112-011/03.jpg,/images/activities/112-011/04.jpg,/images/activities/112-011/05.jpg",,,,是,
112-012,112,鹿草行動教室,11/26,鹿草鄉,鹿草國小,公民素養計畫,工作坊,環境教育,"4,11,12",利用在地種植之作物-小黃瓜製作手工皂，讓民眾加深認識在地農特產，並省思如何將在地特色及作物應用於生活中並推廣。,22,鹿草國小,呂佩珍,,/images/activities/112-012/cover.jpg,,"/images/activities/112-012/01.jpg,/images/activities/112-012/02.jpg,/images/activities/112-012/03.jpg,/images/activities/112-012/04.jpg,/images/activities/112-012/05.jpg",,,,是,
112-013,112,踐學嘉邑:走讀諸羅山社,11/30,義竹鄉,義竹埤前社區,公民素養計畫,走讀,地方走讀,"3,4,11,15,17",18 名參與者由埤前社區發展協會帶領走讀，實地觀察以自然素材改善聚落景觀、整平道路照顧高齡居民，以及集結居民共識將豬圈與淹水環境改造為生態池的過程，理解社區營造如何同時回應安全、環境與日常生活需求。,18,埤前社區發展協會,蔡順強,,/images/activities/112-013/cover.jpg,,"/images/activities/112-013/01.jpg,/images/activities/112-013/02.jpg,/images/activities/112-013/03.jpg,/images/activities/112-013/04.jpg,/images/activities/112-013/05.jpg",,,,是,
112-014,112,愛水愛嘉:探尋赤蘭溪流域的故事,11/29、12/06,水上鄉、中埔鄉,沄水溪(水上)、後坑仔溪(中埔),公民素養計畫,走讀,地方走讀,"4,6,11,15",32 名參與者分兩次走訪水上三界埔與中埔鹽館，沿沄水溪、後坑仔溪觀察水路、聚落信仰、竹管仔厝、菸樓、水圳與生活遺跡。走讀中的居民應答與生活經驗分享，累積了赤蘭溪流域聚落變遷、產業與用水文化的現場觀察資料。,32,水上三界埔、中埔鹽館,羅文修、陳重鏞、林群桓,赤蘭溪,/images/activities/112-014/cover.jpg,,"/images/activities/112-014/01.jpg,/images/activities/112-014/02.jpg,/images/activities/112-014/03.jpg,/images/activities/112-014/04.jpg,/images/activities/112-014/05.jpg",,,,是,
112-015,112,諸羅「心」農法,8/18、12/11,鹿草鄉,寶哥友酵農園、嘉義縣立圖書館,公民素養計畫,講座,環境教育,"2,4,12,15",46 名參與者透過寶哥友酵農園參訪與圖書館講座，認識友善農業面對產量、成本與人力的實際限制，以及農民自行製作肥料與防治資材的低成本作法。活動把農園現場經驗帶回公共學習場域，讓參與者從生產端理解作物、土地與日常飲食的關係。,46,寶哥友酵農園,許正寶,友善農業,,,"/images/activities/112-015/01.jpg,/images/activities/112-015/02.jpg,/images/activities/112-015/03.jpg,/images/activities/112-015/04.jpg,/images/activities/112-015/05.jpg",,,,是,
113-001,113,馨滿義竹．公民月會,9/9－10/14,義竹鄉,埤前村、中平村、後鎮村、東過村、仁里村、六桂村、岸腳村,113年度社區大學公民素養特色課程計畫－走進嘉鄉一百問,系列工作坊,地方知識與社區參與,"4,11,16,17",走入七個村落，以焦點座談、地方講座與交流蒐集居民經驗，整理地方生活議題並增進社區參與。,168,義竹社區發展協會,謝勝麒、張耿豪、蔡順強、吳素美、翁男勳、郭美齡、翁文覺、邱滄浪,義竹、公民月會、社區參與、地方知識,public/images/activities/113-001/01.jpg,,"public/images/activities/113-001/01.jpg,public/images/activities/113-001/02.jpg,public/images/activities/113-001/03.jpg,public/images/activities/113-001/04.jpg,public/images/activities/113-001/05.jpg,public/images/activities/113-001/06.jpg",,,,是,來源：113年公民素養結案報告-彙整.pdf；SDGs補充說明：SDG 4 優質教育、SDG 11 永續城市與社區、SDG 16 和平正義與健全制度、SDG 17 夥伴關係：以公民月會蒐集地方生活議題、促進社區參與及跨村交流。；SDGs補充說明：SDG 4 優質教育、SDG 11 永續城市與社區、SDG 16 和平正義與健全制度、SDG 17 夥伴關係：以公民月會蒐集地方生活議題、促進社區參與及跨村交流。
113-002,113,六腳復興咱ㄟ厝,8/13－8/15,六腳鄉,六腳興厝,113年度社區大學公民素養特色課程計畫－走進嘉鄉一百問,工作坊,地方創生與老屋修繕,"4,8,11,12",以老屋修繕與地方空間再利用為核心，帶領參與者透過木工實作認識傳統建築、社區故事與地方生活空間。活動不只培養基礎修繕能力，也讓學員理解老屋保存與地方創生之間的關係，作為後續木工修繕、社區服務與地方空間再利用行動的基礎。,120,六腳興厝,楊菀婷、陳嘉雄,六腳、老屋、木工、地方創生,public/images/activities/113-002/01.JPG,,"public/images/activities/113-002/01.JPG,public/images/activities/113-002/02.JPG,public/images/activities/113-002/03.JPG,public/images/activities/113-002/04.JPG,public/images/activities/113-002/05.JPG,public/images/activities/113-002/06.JPG",,,,是,來源：113年公民素養結案報告-彙整.pdf；SDGs補充說明：SDG 4 優質教育、SDG 8 合適工作與經濟成長、SDG 11 永續城市與社區、SDG 12 責任消費與生產：以老屋修繕、木工實作與地方空間再利用，連結地方創生。；SDGs補充說明：SDG 4 優質教育、SDG 8 合適工作與經濟成長、SDG 11 永續城市與社區、SDG 12 責任消費與生產：以老屋修繕、木工實作與地方空間再利用，連結地方創生。
113-003,113,水崛頭遊歷－嘉傳技藝坊－草編編織,9/7－10/12,水上鄉,崎仔頭文化藝術發展協會,113年度社區大學公民素養特色課程計畫－走進嘉鄉一百問,系列工作坊,傳統工藝,"4,11,12",由草編工藝師帶領學員認識材料與編織技法，透過實作保存地方生活工藝並轉化為創作。,82,崎仔頭文化藝術發展協會,薛武登,水上、草編、傳統工藝、文化傳承,public/images/activities/113-003/01.jpg,,"public/images/activities/113-003/01.jpg,public/images/activities/113-003/02.jpg,public/images/activities/113-003/03.jpg,public/images/activities/113-003/04.jpg,public/images/activities/113-003/05.jpg,public/images/activities/113-003/06.jpg",,,,是,來源：113年公民素養結案報告-彙整.pdf；文件內另有一處日期記載為9/17，待確認。；SDGs補充說明：SDG 4 優質教育、SDG 11 永續城市與社區、SDG 12 責任消費與生產：透過草編工藝實作保存傳統生活技藝，並推動文化傳承。；SDGs補充說明：SDG 4 優質教育、SDG 11 永續城市與社區、SDG 12 責任消費與生產：透過草編工藝實作保存傳統生活技藝，並推動文化傳承。
113-004,113,嘉義飛行故事探索,10/13,水上鄉,嘉義機場、嘉義航空站及周邊走讀路線,113年度社區大學公民素養特色課程計畫－走進嘉鄉一百問,走讀,地方歷史,"4,11",透過嘉義機場、航空站及周邊路線走讀，帶領參與者認識嘉義飛行歷史、機場發展與水上地方記憶的連結。活動將航空場域從交通設施轉化為地方歷史學習現場，累積水上航空故事、走讀路線與地方文化紀錄。,70,,薛武登、潘子和,水上、航空、飛行故事、地方走讀,public/images/activities/113-004/01.jpg,,"public/images/activities/113-004/01.jpg,public/images/activities/113-004/02.jpg,public/images/activities/113-004/03.jpg,public/images/activities/113-004/04.jpg,public/images/activities/113-004/05.jpg",,,,是,來源：113年公民素養結案報告-彙整.pdf；SDGs補充說明：SDG 4 優質教育、SDG 11 永續城市與社區：以航空場域走讀認識嘉義飛行歷史與地方記憶，強化在地文化學習。；SDGs補充說明：SDG 4 優質教育、SDG 11 永續城市與社區：以航空場域走讀認識嘉義飛行歷史與地方記憶，強化在地文化學習。
113-005,113,沿海農村知多少,10/14,布袋鎮,布袋好美船屋（好美農漁產）,113年度社區大學公民素養特色課程計畫－走進嘉鄉一百問,講座,食農教育與地方產業,"2,4,8,12",從沿海農漁村的生產與生活經驗出發，帶領參與者認識布袋在地產業、食物來源與農漁村文化。活動將地方產業轉化為食農教育素材，協助民眾理解海縣農漁村生活與地方經濟的連結。,16,布袋好美船屋,鄭怡雯,布袋、農漁村、食農教育、地方產業,public/images/activities/113-005/01.JPG,,"public/images/activities/113-005/01.JPG,public/images/activities/113-005/02.JPG,public/images/activities/113-005/03.jpg,public/images/activities/113-005/04.jpg,public/images/activities/113-005/05.jpg,public/images/activities/113-005/06.jpg",,,,是,來源：113年公民素養結案報告-彙整.pdf；SDGs補充說明：SDG 2 消除飢餓、SDG 4 優質教育、SDG 8 合適工作與經濟成長、SDG 12 責任消費與生產：從沿海農漁村生產生活出發，推廣食農教育與地方產業認識。；SDGs補充說明：SDG 2 消除飢餓、SDG 4 優質教育、SDG 8 合適工作與經濟成長、SDG 12 責任消費與生產：從沿海農漁村生產生活出發，推廣食農教育與地方產業認識。
113-006,113,水堀頭低碳走讀,10/26,水上鄉,崎仔頭文化藝術發展協會及周邊走讀路線,113年度社區大學公民素養特色課程計畫－走進嘉鄉一百問,走讀,低碳生活與食農教育,"4,11,12,13",以步行走讀方式認識水堀頭地方環境、產業與飲食文化，讓參與者從日常生活理解低碳行動與在地食農的關係。活動透過走讀累積地方路線與生活知識，也將低碳生活概念轉化為居民可理解、可實踐的地方學習內容。,25,崎仔頭文化藝術發展協會,薛武登,水上、水堀頭、低碳、食農、走讀,public/images/activities/113-006/01.jpg,,"public/images/activities/113-006/01.jpg,public/images/activities/113-006/02.jpg,public/images/activities/113-006/03.jpg,public/images/activities/113-006/04.jpg,public/images/activities/113-006/05.jpg",,,,是,來源：113年公民素養結案報告-彙整.pdf；SDGs補充說明：SDG 4 優質教育、SDG 11 永續城市與社區、SDG 12 責任消費與生產、SDG 13 氣候行動：以低碳走讀連結地方環境、飲食與低碳生活實踐。；SDGs補充說明：SDG 4 優質教育、SDG 11 永續城市與社區、SDG 12 責任消費與生產、SDG 13 氣候行動：以低碳走讀連結地方環境、飲食與低碳生活實踐。
113-007,113,中埔客嘉趣－走讀客嘉,8/15,中埔鄉,嘉義縣客家文化會館,113年度社區大學公民素養特色課程計畫－走進嘉鄉一百問,走讀,客家文化,"4,11",透過嘉義縣客家文化會館與周邊場域走讀，帶領參與者認識中埔客家聚落、生活文化與地方故事。活動讓客家文化從展示場館延伸到地方生活場域，也累積中埔客庄文化推廣與後續走讀設計的基礎。,35,嘉義縣客家文化會館,潘春燿、蔡冠瑀,中埔、客家文化、地方走讀,public/images/activities/113-007/01.jpg,,"public/images/activities/113-007/01.jpg,public/images/activities/113-007/02.jpg,public/images/activities/113-007/03.jpg,public/images/activities/113-007/04.jpg,public/images/activities/113-007/05.jpg,public/images/activities/113-007/06.jpg",,,,是,來源：113年公民素養結案報告-彙整.pdf；SDGs補充說明：SDG 4 優質教育、SDG 11 永續城市與社區：透過客家文化走讀認識中埔聚落與地方故事，促進文化保存。；SDGs補充說明：SDG 4 優質教育、SDG 11 永續城市與社區：透過客家文化走讀認識中埔聚落與地方故事，促進文化保存。
113-008,113,中埔客嘉趣－保留及推動客家文化精神,10/15,朴子市,嘉義縣立圖書館,113年度社區大學公民素養特色課程計畫－走進嘉鄉一百問,講座,客家文化,"4,11",透過客家文化講座，引導參與者理解客家精神、文化保存與日常實踐之間的關係。活動使客家文化不只停留在知識介紹，也進一步討論如何在家庭、社區與公共學習中持續推廣，累積文化傳承與地方認同教育素材。,21,,陳媺慈,客家文化、文化保存、朴子,public/images/activities/113-008/01.jpg,,"public/images/activities/113-008/01.jpg,public/images/activities/113-008/02.jpg,public/images/activities/113-008/03.jpg,public/images/activities/113-008/04.jpg,public/images/activities/113-008/05.jpg",,,,是,來源：113年公民素養結案報告-彙整.pdf；活動名稱含「中埔」，文件所列辦理地點為朴子市。；SDGs補充說明：SDG 4 優質教育、SDG 11 永續城市與社區：以講座推廣客家文化保存與生活實踐，累積地方文化認同。；SDGs補充說明：SDG 4 優質教育、SDG 11 永續城市與社區：以講座推廣客家文化保存與生活實踐，累積地方文化認同。
113-009,113,中埔客嘉趣－客家的故事,8/14,中埔鄉,嘉義縣客家文化會館,113年度社區大學公民素養特色課程計畫－走進嘉鄉一百問,講座,客家文化,"4,11",從地方故事與生活經驗介紹客家文化，協助學員理解族群歷史與文化特色。,20,嘉義縣客家文化會館,賴嘉吉,中埔、客家故事、客家文化,public/images/activities/113-009/01.jpg,,"public/images/activities/113-009/01.jpg,public/images/activities/113-009/02.jpg,public/images/activities/113-009/03.jpg,public/images/activities/113-009/04.jpg,public/images/activities/113-009/05.jpg",,,,是,來源：113年公民素養結案報告-彙整.pdf；SDGs補充說明：SDG 4 優質教育、SDG 11 永續城市與社區：以客家故事與生活經驗介紹族群歷史及文化特色。；SDGs補充說明：SDG 4 優質教育、SDG 11 永續城市與社區：以客家故事與生活經驗介紹族群歷史及文化特色。
113-010,113,中埔客嘉趣－尋找客家記憶,8/14－8/16,中埔鄉,嘉義縣客家文化會館,113年度社區大學公民素養特色課程計畫－走進嘉鄉一百問,系列工作坊,客家文化,"4,11",透過記憶採集與文化實作，引導學員整理客家生活經驗、家族記憶與地方故事。活動將個人記憶轉化為可分享的地方文化資料，使客家生活經驗得以被看見、保存並延伸為後續文化教育與社區交流內容。,60,嘉義縣客家文化會館,謝麗雲、郭麗香、凃慧蘭、凃慧美,中埔、客家記憶、文化傳承、工作坊,public/images/activities/113-010/01.jpg,,"public/images/activities/113-010/01.jpg,public/images/activities/113-010/02.jpg,public/images/activities/113-010/03.jpg,public/images/activities/113-010/04.jpg,public/images/activities/113-010/05.jpg",,,,是,來源：113年公民素養結案報告-彙整.pdf；SDGs補充說明：SDG 4 優質教育、SDG 11 永續城市與社區：透過客家記憶採集與文化實作，保存地方文化記憶。；SDGs補充說明：SDG 4 優質教育、SDG 11 永續城市與社區：透過客家記憶採集與文化實作，保存地方文化記憶。
113-011,113,多元文化學習班,9/19、10/13、10/20,水上鄉、朴子市,正大書局多功能教室、大同國小志工教室,嘉義縣新住民學習中心113年多元文化學習班計畫,系列課程,多元文化與新住民教育,"4,5,10,16",以團體互動、社區短影音、性別平等工作坊及終身學習世界咖啡館，促進跨文化交流、資訊能力與公共參與。,74,嘉義縣新住民學習中心,蔡孟峰、高健榮、林民芬、程裕隆,新住民、多元文化、性別平等、終身學習,public/images/activities/113-011/01.jpg,,"public/images/activities/113-011/01.jpg,public/images/activities/113-011/02.jpg,public/images/activities/113-011/03.jpg,public/images/activities/113-011/04.jpg,public/images/activities/113-011/05.jpg,public/images/activities/113-011/06.jpg",,,,是,來源：113年成果報告表-多元文化學習班-邑米社大(待整合版).pdf；五場課程依同一計畫合併。；SDGs補充說明：SDG 4 優質教育、SDG 5 性別平等、SDG 10 減少不平等、SDG 16 和平正義與健全制度：以新住民、多元文化、性別平等與公共參與課程促進跨文化理解。；SDGs補充說明：SDG 4 優質教育、SDG 5 性別平等、SDG 10 減少不平等、SDG 16 和平正義與健全制度：以新住民、多元文化、性別平等與公共參與課程促進跨文化理解。
113-012,113,樂齡理財智慧指南,5/18、6/28,朴子市,嘉義縣公共圖書館3F、B1,金融知識普及計畫,系列講座,金融教育,"4,8,10",介紹退休理財規劃、ETF與金融市場基礎觀念，透過案例及互動協助參與者建立較穩健的理財判斷。,51,嘉義縣公共圖書館,謝冠浤,樂齡、理財、退休規劃、ETF,public/images/activities/113-012/01.jpg,,"public/images/activities/113-012/01.jpg,public/images/activities/113-012/02.jpg,public/images/activities/113-012/03.jpg,public/images/activities/113-012/04.jpg",,,,是,來源：投資未來系列講座-成果報告表1130518.pdf、投資未來系統講座-成果報告表1130628.pdf；同名延續講座合併。；SDGs補充說明：SDG 4 優質教育、SDG 8 合適工作與經濟成長、SDG 10 減少不平等：透過樂齡金融教育與退休理財規劃，提升民眾財務韌性與資訊平權。；SDGs補充說明：SDG 4 優質教育、SDG 8 合適工作與經濟成長、SDG 10 減少不平等：透過樂齡金融教育與退休理財規劃，提升民眾財務韌性與資訊平權。
113-013,113,友善釣魚宣導與教育推廣,6/27、9/10－9/15、11/10、11/16,嘉義縣、臺北市,地方知識學成果展、嘉義縣立圖書館、臺北市立動物園、和興國小,113年度海洋保育在地守護計畫－社大陪您友善釣魚,成果展／宣導,海洋保育,"4,12,14",透過成果展、校園宣導與公共場域推廣，將友善釣魚、海洋廢棄物減量與水域生態保育觀念帶入不同學習場景。活動擴大海洋保育議題的觸及對象，讓友善釣魚不只停留在釣場，也成為海縣社大推動海洋素養教育的重要成果。,1200,,,友善釣魚、海洋保育、教育推廣、成果展,public/images/activities/113-013/01.jpg,,"public/images/activities/113-013/01.jpg,public/images/activities/113-013/02.jpg,public/images/activities/113-013/03.jpg,public/images/activities/113-013/04.jpg,public/images/activities/113-013/05.jpg",,,,是,來源：海洋計畫結案成果報告.pdf；四場同性質宣導活動合併。；SDGs補充說明：SDG 4 優質教育、SDG 12 責任消費與生產、SDG 14 保育海洋生態：以成果展與宣導推廣友善釣魚、海洋廢棄物減量及水域生態保育。；SDGs補充說明：SDG 4 優質教育、SDG 12 責任消費與生產、SDG 14 保育海洋生態：以成果展與宣導推廣友善釣魚、海洋廢棄物減量及水域生態保育。
113-014,113,友善釣魚海釣新鮮人,3/30、8/24、11/2,東石鄉,魚擬共舞觀光休閒漁場,113年度海洋保育在地守護計畫－社大陪您友善釣魚,系列體驗課程,海洋保育,"4,12,14",透過海釣體驗與現場解說，引導參與者從釣場安全、正確釣法與漁獲處理，進一步理解負責任釣魚及海洋保育的重要性。活動將保育概念轉化為釣友可實踐的日常行動，也連結東石海線漁業場域與環境教育推廣。,120,魚擬共舞觀光休閒漁場,陳秉順,東石、友善釣魚、海釣、海洋保育,public/images/activities/113-014/01.jpg,,"public/images/activities/113-014/01.jpg,public/images/activities/113-014/02.jpg,public/images/activities/113-014/03.jpg,public/images/activities/113-014/04.jpg,public/images/activities/113-014/05.jpg",,,,是,來源：海洋計畫結案成果報告.pdf；三場延續體驗合併。；SDGs補充說明：SDG 4 優質教育、SDG 12 責任消費與生產、SDG 14 保育海洋生態：透過海釣體驗建立釣場安全、漁獲處理及友善海洋行動觀念。；SDGs補充說明：SDG 4 優質教育、SDG 12 責任消費與生產、SDG 14 保育海洋生態：透過海釣體驗建立釣場安全、漁獲處理及友善海洋行動觀念。
114-001,114,海區振興再造風情,4/29、5/5、5/17,東石鄉,東石鄉各活動場域,113年度教育部補助辦理社區大學促進公共參與特色議題計畫－嘉鄉一百問，前進一百村,系列課程,海區地方創生,"4,8,11,14",從海區文化、產業與生活特色出發，透過課程與實作重新認識東石地方資源及社區發展可能。,125,,黃毓升、黃碧貞、陳秉順,東石、海區、地方創生、社區產業,public/images/activities/114-001/01.jpg,,"public/images/activities/114-001/01.jpg,public/images/activities/114-001/02.JPG,public/images/activities/114-001/03.JPG,public/images/activities/114-001/04.jpg,public/images/activities/114-001/05.jpg,public/images/activities/114-001/06.jpg",,,,是,來源：113年邑米社大公共參與結案報告-1140716.pdf；依實際活動日期歸入114年。；SDGs補充說明：SDG 4 優質教育、SDG 8 合適工作與經濟成長、SDG 11 永續城市與社區、SDG 14 保育海洋生態：從東石海區文化、產業與地方創生出發，認識社區發展資源。；SDGs補充說明：SDG 4 優質教育、SDG 8 合適工作與經濟成長、SDG 11 永續城市與社區、SDG 14 保育海洋生態：從東石海區文化、產業與地方創生出發，認識社區發展資源。
114-002,114,永續農鄉埤塘守護,4/9、5/6、5/24、6/21,義竹鄉,義竹鄉埤前村,113年度教育部補助辦理社區大學促進公共參與特色議題計畫－嘉鄉一百問，前進一百村,系列課程,環境教育與農村永續,"4,6,11,13,15",以義竹埤塘、水環境與農村生活為學習核心，結合觀察、課程與社區參與，帶領居民重新認識地方水資源與農村永續的關係。活動將埤塘從單一水利設施轉化為地方環境教育場域，累積義竹水環境、農村生活與社區參與的知識素材。,125,,翁男勳、李黃翠屏、蔡順強、黃淑雲,義竹、埤塘、水環境、農村永續,public/images/activities/114-002/01.png,,"public/images/activities/114-002/01.png,public/images/activities/114-002/02.png,public/images/activities/114-002/03.png,public/images/activities/114-002/04.png",,,,是,來源：113年邑米社大公共參與結案報告-1140716.pdf；依實際活動日期歸入114年。；SDGs補充說明：SDG 4 優質教育、SDG 6 淨水及衛生、SDG 11 永續城市與社區、SDG 13 氣候行動、SDG 15 保育陸域生態：以埤塘、水環境與農村永續為主軸，提升地方環境認識。；SDGs補充說明：SDG 4 優質教育、SDG 6 淨水及衛生、SDG 11 永續城市與社區、SDG 13 氣候行動、SDG 15 保育陸域生態：以埤塘、水環境與農村永續為主軸，提升地方環境認識。
114-003,114,樸仔腳生活文創,4/11、5/22、6/19、6/26,朴子市,嘉義縣公共圖書館B1,113年度教育部補助辦理社區大學促進公共參與特色議題計畫－嘉鄉一百問，前進一百村,系列課程,地方文化與生活創作,"4,8,11",以朴子地方文化與生活素材為基礎，透過系列課程引導參與者將地方故事轉化為文創實作。活動讓文化不只被聽見，也能透過作品呈現與再詮釋，累積朴子生活文化、創意應用與成果展示素材。,129,嘉義縣公共圖書館,蕭佳純、袁千航,朴子、生活文創、地方文化,public/images/activities/114-003/01.png,,"public/images/activities/114-003/01.png,public/images/activities/114-003/02.png,public/images/activities/114-003/03.png,public/images/activities/114-003/04.png",,,,是,來源：113年邑米社大公共參與結案報告-1140716.pdf；依實際活動日期歸入114年。；SDGs補充說明：SDG 4 優質教育、SDG 8 合適工作與經濟成長、SDG 11 永續城市與社區：將朴子地方文化與生活素材轉化為文創實作，推動地方故事應用。；SDGs補充說明：SDG 4 優質教育、SDG 8 合適工作與經濟成長、SDG 11 永續城市與社區：將朴子地方文化與生活素材轉化為文創實作，推動地方故事應用。
114-004,114,鄉村藝術行動暖身,4/2、5/13,義竹鄉,義竹鄉埤前村,113年度教育部補助辦理社區大學促進公共參與特色議題計畫－嘉鄉一百問，前進一百村,系列工作坊,社區藝術,"4,11,16",兩場工作坊共累積 92 參與人次。參與者先從埤前村的生活景物與地方印象進行交流，再以繪畫完成一組社區圖像小卡；作品留下居民觀看家鄉的不同視角，也讓抽象的社區美學討論轉化為可展示、可共同討論的圖像成果。,92,,蕭敏、蕭靜如,義竹、社區藝術、公共參與,public/images/activities/114-004/01.png,,"public/images/activities/114-004/01.png,public/images/activities/114-004/02.png,public/images/activities/114-004/03.png,public/images/activities/114-004/04.png",,,,是,來源：113年邑米社大公共參與結案報告-1140716.pdf；依實際活動日期歸入114年。；SDGs補充說明：SDG 4 優質教育、SDG 11 永續城市與社區、SDG 16 和平正義與健全制度：以社區藝術與公共參與促進居民投入公共空間及社區美學行動。；SDGs補充說明：SDG 4 優質教育、SDG 11 永續城市與社區、SDG 16 和平正義與健全制度：以社區藝術與公共參與促進居民投入公共空間及社區美學行動。
114-005,114,東石之美廟口學堂,3/11、3/18,東石鄉,東石先天宮及周邊場域,113年度教育部補助辦理社區大學促進公共參與特色議題計畫－嘉鄉一百問，前進一百村,系列課程,地方文化與信仰,"4,11",以東石先天宮與廟口生活場域為學習核心，串聯地方歷史、信仰文化與居民日常經驗。活動將廟口從信仰場所轉化為地方學習場域，累積東石海線文化、社區故事與信仰生活的紀錄。,108,,黃毓升、官伶蓉,東石、廟口學堂、信仰文化,public/images/activities/114-005/01.png,,"public/images/activities/114-005/01.png,public/images/activities/114-005/02.png,public/images/activities/114-005/03.png,public/images/activities/114-005/04.png,public/images/activities/114-005/05.png",,,,是,來源：113年邑米社大公共參與結案報告-1140716.pdf；依實際活動日期歸入114年。；SDGs補充說明：SDG 4 優質教育、SDG 11 永續城市與社區：以廟口學堂連結東石地方歷史、信仰文化與居民生活，累積社區文化記錄。；SDGs補充說明：SDG 4 優質教育、SDG 11 永續城市與社區：以廟口學堂連結東石地方歷史、信仰文化與居民生活，累積社區文化記錄。
114-006,114,義竹農創融入式教學,2/20、4/9,義竹鄉,義竹鄉埤前村,113年度教育部補助辦理社區大學促進公共參與特色議題計畫－嘉鄉一百問，前進一百村,系列課程,食農教育與地方產業,"2,4,8,12",結合義竹農產、生活工藝與教學活動，帶領參與者認識地方產業特色並進行創意應用。活動讓在地農產不只作為生產物，也能轉化為課程素材、手作成果與地方產業故事，累積義竹食農教育與農村創生的展示內容。,68,,蕭敏、黃淑雲、蔡順強、官伶蓉,義竹、農創、食農教育、地方產業,public/images/activities/114-006/01.png,,"public/images/activities/114-006/01.png,public/images/activities/114-006/02.png,public/images/activities/114-006/03.png,public/images/activities/114-006/04.png,public/images/activities/114-006/05.png",,,,是,來源：113年邑米社大公共參與結案報告-1140716.pdf；依實際活動日期歸入114年。；SDGs補充說明：SDG 2 消除飢餓、SDG 4 優質教育、SDG 8 合適工作與經濟成長、SDG 12 責任消費與生產：結合義竹農產、生活工藝與教學，推動食農教育與地方產業應用。；SDGs補充說明：SDG 2 消除飢餓、SDG 4 優質教育、SDG 8 合適工作與經濟成長、SDG 12 責任消費與生產：結合義竹農產、生活工藝與教學，推動食農教育與地方產業應用。
114-007,114,義竹鄉水環境體驗－探索埤仔頭社區規劃之美,2/6,義竹鄉,埤前小木屋,113年度教育部補助辦理社區大學促進公共參與特色議題計畫－嘉鄉一百問，前進一百村,體驗課程,水環境與社區營造,"4,6,11,15",從埤仔頭水環境與社區規劃案例出發，帶領參與者認識地方自然資源、居民參與及社區營造成果。活動讓水環境學習連結到聚落規劃與公共參與，協助民眾理解水資源、生活空間與社區發展之間的關係。,21,,蔡順強,義竹、埤仔頭、水環境、社區營造,public/images/activities/114-007/01.png,,"public/images/activities/114-007/01.png,public/images/activities/114-007/02.png,public/images/activities/114-007/03.png,public/images/activities/114-007/04.png",,,,是,來源：113年邑米社大公共參與結案報告-1140716.pdf；依實際活動日期歸入114年。；SDGs補充說明：SDG 4 優質教育、SDG 6 淨水及衛生、SDG 11 永續城市與社區、SDG 15 保育陸域生態：以埤仔頭水環境與社區規劃案例認識自然資源及社區營造成果。；SDGs補充說明：SDG 4 優質教育、SDG 6 淨水及衛生、SDG 11 永續城市與社區、SDG 15 保育陸域生態：以埤仔頭水環境與社區規劃案例認識自然資源及社區營造成果。
114-008,114,義竹鄉烏魚子體驗－探索義竹鄉漁獲之美,2/6,義竹鄉,埤前小木屋,113年度教育部補助辦理社區大學促進公共參與特色議題計畫－嘉鄉一百問，前進一百村,體驗課程,食農教育與地方產業,"2,4,8,12,14",以烏魚子與地方漁產為主題，透過解說與體驗讓參與者認識義竹漁業、飲食文化與地方產業特色。活動將海線漁產轉化為可體驗的食農教育內容，協助民眾從產地、加工到餐桌重新理解地方物產價值。,21,,王源溫,義竹、烏魚子、漁產、食農教育,public/images/activities/114-008/01.png,,"public/images/activities/114-008/01.png,public/images/activities/114-008/02.png,public/images/activities/114-008/03.png,public/images/activities/114-008/04.png",,,,是,來源：113年邑米社大公共參與結案報告-1140716.pdf；依實際活動日期歸入114年。；SDGs補充說明：SDG 2 消除飢餓、SDG 4 優質教育、SDG 8 合適工作與經濟成長、SDG 12 責任消費與生產、SDG 14 保育海洋生態：以烏魚子與地方漁產體驗認識義竹產業與飲食文化。；SDGs補充說明：SDG 2 消除飢餓、SDG 4 優質教育、SDG 8 合適工作與經濟成長、SDG 12 責任消費與生產、SDG 14 保育海洋生態：以烏魚子與地方漁產體驗認識義竹產業與飲食文化。
114-009,114,生活工藝美學課程,5/14、5/21、5/28,六腳鄉,嘉義縣脊髓損傷者協會研習教室,113年度教育部補助辦理社區大學促進公共參與特色議題計畫－嘉鄉一百問，前進一百村,系列課程,生活工藝,"4,8,12",三次系列課程共累積 101 參與人次。學員在講師示範後進行鐵線塑形、組裝與植栽配置，完成結合線條造型與小型植栽的生活工藝作品；課程讓手作練習落實為可帶回日常使用與觀賞的具體成品。,101,嘉義縣脊髓損傷者協會,蘇麗娟,六腳、生活工藝、美學、手作,public/images/activities/114-009/01.jpg,,"public/images/activities/114-009/01.jpg,public/images/activities/114-009/02.jpg,public/images/activities/114-009/03.jpg,public/images/activities/114-009/04.jpg,public/images/activities/114-009/05.jpg",,,,是,來源：113年邑米社大公共參與結案報告-1140716.pdf；依實際活動日期歸入114年。；SDGs補充說明：SDG 4 優質教育、SDG 8 合適工作與經濟成長、SDG 12 責任消費與生產：運用生活素材進行工藝創作，培養美感、手作能力與生活應用。；SDGs補充說明：SDG 4 優質教育、SDG 8 合適工作與經濟成長、SDG 12 責任消費與生產：運用生活素材進行工藝創作，培養美感、手作能力與生活應用。
114-010,114,茶禪美學課程,5/29、6/4、6/5、6/12、6/18、6/19,六腳鄉,嘉義縣脊髓損傷者協會操場,113年度教育部補助辦理社區大學促進公共參與特色議題計畫－嘉鄉一百問，前進一百村,系列課程,茶文化與生活美學,"4,8,12",六次系列課程共累積 64 參與人次。學員透過茶席布置、茶具使用、沖泡與品茗等實作，反覆練習從備具到奉茶的操作流程，並在現場交流中辨識茶席配置與飲茶禮序，將嘉義茶文化轉化為可在生活中持續運用的實作經驗。,64,嘉義縣脊髓損傷者協會,莊宜蓁,六腳、茶文化、茶禪、美學,public/images/activities/114-010/01.jpg,,"public/images/activities/114-010/01.jpg,public/images/activities/114-010/02.jpg,public/images/activities/114-010/03.jpg,public/images/activities/114-010/04.jpg,public/images/activities/114-010/05.jpg",,,,是,來源：113年邑米社大公共參與結案報告-1140716.pdf；依實際活動日期歸入114年。；SDGs補充說明：SDG 4 優質教育、SDG 8 合適工作與經濟成長、SDG 12 責任消費與生產：透過茶席、品茗與茶文化實作，認識嘉義茶產業並培養生活美學。；SDGs補充說明：SDG 4 優質教育、SDG 8 合適工作與經濟成長、SDG 12 責任消費與生產：透過茶席、品茗與茶文化實作，認識嘉義茶產業並培養生活美學。
114-011,114,繪本創作班－描繪人生,5/21、5/28、6/11,義竹鄉,義竹鄉埤前村,113年度教育部補助辦理社區大學促進公共參與特色議題計畫－嘉鄉一百問，前進一百村,系列工作坊,地方記憶與創作,"4,11,16",以個人生命與地方生活為素材進行繪本創作，保存居民故事並培養圖文表達能力。,73,,申婷頡,義竹、繪本、生命故事、地方記憶,public/images/activities/114-011/01.png,,"public/images/activities/114-011/01.png,public/images/activities/114-011/02.png,public/images/activities/114-011/03.png,public/images/activities/114-011/04.png",,,,是,來源：113年邑米社大公共參與結案報告-1140716.pdf；依實際活動日期歸入114年。；SDGs補充說明：SDG 4 優質教育、SDG 11 永續城市與社區、SDG 16 和平正義與健全制度：以生命故事及地方記憶進行繪本創作，保存居民故事並培養表達能力。；SDGs補充說明：SDG 4 優質教育、SDG 11 永續城市與社區、SDG 16 和平正義與健全制度：以生命故事及地方記憶進行繪本創作，保存居民故事並培養表達能力。
114-012,114,無人機產業應用實務班,6/4、6/6、6/18、6/20,六腳鄉,嘉義縣脊髓損傷者協會操場,113年度教育部補助辦理社區大學促進公共參與特色議題計畫－嘉鄉一百問，前進一百村,系列課程,數位科技與產業應用,"4,8,9",介紹無人機操作、安全規範與產業應用，透過實務練習建立科技工具的基本能力。,69,嘉義縣脊髓損傷者協會,陳朝宇,六腳、無人機、數位科技、產業應用,public/images/activities/114-012/01.jpg,,"public/images/activities/114-012/01.jpg,public/images/activities/114-012/02.jpg,public/images/activities/114-012/03.jpg,public/images/activities/114-012/04.jpg,public/images/activities/114-012/05.jpg,public/images/activities/114-012/06.jpg",,,,是,來源：113年邑米社大公共參與結案報告-1140716.pdf；文件男女小計與總人數不一致，本欄採文件明列總人數69。；SDGs補充說明：SDG 4 優質教育、SDG 8 合適工作與經濟成長、SDG 9 產業創新與基礎建設：介紹無人機操作、安全規範與產業應用，建立科技工具能力。；SDGs補充說明：SDG 4 優質教育、SDG 8 合適工作與經濟成長、SDG 9 產業創新與基礎建設：介紹無人機操作、安全規範與產業應用，建立科技工具能力。
114-013,114,手機商品攝影修圖與海報設計班,6/2、6/3、6/9、6/10、6/16、6/17,六腳鄉,嘉義縣脊髓損傷者協會研習教室,113年度教育部補助辦理社區大學促進公共參與特色議題計畫－嘉鄉一百問，前進一百村,系列課程,數位行銷,"4,8,9",以手機攝影、修圖與海報設計協助學員呈現商品特色，提升地方產業的數位行銷能力。,53,嘉義縣脊髓損傷者協會,王莨耿,六腳、手機攝影、修圖、海報、數位行銷,public/images/activities/114-013/01.jpg,,"public/images/activities/114-013/01.jpg,public/images/activities/114-013/02.jpg,public/images/activities/114-013/03.jpg,public/images/activities/114-013/04.jpg,public/images/activities/114-013/05.jpg",,,,是,來源：113年邑米社大公共參與結案報告-1140716.pdf；依實際活動日期歸入114年。；SDGs補充說明：SDG 4 優質教育、SDG 8 合適工作與經濟成長、SDG 9 產業創新與基礎建設：以手機攝影、修圖與海報設計提升地方產業數位行銷能力。；SDGs補充說明：SDG 4 優質教育、SDG 8 合適工作與經濟成長、SDG 9 產業創新與基礎建設：以手機攝影、修圖與海報設計提升地方產業數位行銷能力。
114-014,114,交趾陶創作研習班,5/17、5/24、5/25、5/31、6/8、6/15,六腳鄉,墘窯休閒陶坊,113年度教育部補助辦理社區大學促進公共參與特色議題計畫－嘉鄉一百問，前進一百村,系列工作坊,傳統工藝,"4,8,11",由工藝師帶領交趾陶創作，從技法實作到成果展，推廣嘉義傳統工藝及文化傳承。,70,墘窯休閒陶坊,侯吉村,六腳、交趾陶、傳統工藝、文化傳承,public/images/activities/114-014/01.jpg,,"public/images/activities/114-014/01.jpg,public/images/activities/114-014/02.jpg,public/images/activities/114-014/03.jpg,public/images/activities/114-014/04.jpg,public/images/activities/114-014/05.jpg",,,,是,來源：113年邑米社大公共參與結案報告-1140716.pdf；6/15為成果展，依實際日期歸入114年。；SDGs補充說明：SDG 4 優質教育、SDG 8 合適工作與經濟成長、SDG 11 永續城市與社區：透過交趾陶技法實作與成果展推廣嘉義傳統工藝及文化傳承。；SDGs補充說明：SDG 4 優質教育、SDG 8 合適工作與經濟成長、SDG 11 永續城市與社區：透過交趾陶技法實作與成果展推廣嘉義傳統工藝及文化傳承。
114-015,114,朴子醫路：藥香與老城之間,9/21、10/19,朴子市,朴子老城區及醫療地景走讀路線,114年度社區大學公民素養特色課程計畫－走進嘉鄉一百問：拾光・記憶・行動,系列走讀,朴子醫療地景,"3,4,11",透過朴子老城醫療地景走讀，串聯藥房、醫療記憶與城市發展故事，讓參與者重新理解朴子作為地方醫療中心的歷史角色。活動累積可轉化為醫療文化地圖、導覽路線與主題館素材，成為後續地方知識保存的重要基礎。,110,,黃崇哲,朴子、醫療地景、老城、地方記憶,public/images/activities/114-015/01.jpg,,"public/images/activities/114-015/01.jpg,public/images/activities/114-015/02.jpg,public/images/activities/114-015/03.jpg,public/images/activities/114-015/04.jpg,public/images/activities/114-015/05.jpg,public/images/activities/114-015/06.jpg,public/images/activities/114-015/07.jpg,public/images/activities/114-015/08.jpg,public/images/activities/114-015/09.jpg",,,,是,來源：114年公民素養結案報告.pdf；同系列四場內容合併。；SDGs補充說明：SDG 3 健康與福祉、SDG 4 優質教育、SDG 11 永續城市與社區：以朴子醫療、藥業與老城記憶走讀，連結健康文化與城市發展脈絡。；SDGs補充說明：SDG 3 健康與福祉、SDG 4 優質教育、SDG 11 永續城市與社區：以朴子醫療、藥業與老城記憶走讀，連結健康文化與城市發展脈絡。
114-016,114,從源頭說起：赤蘭溪故事,11/6、11/9、11/16,中埔鄉、水上鄉,灣潭村、三界埔、鹽館村及赤蘭溪流域走讀路線,114年度社區大學公民素養特色課程計畫－走進嘉鄉一百問：拾光・記憶・行動,系列走讀,赤蘭溪流域文化,"4,6,11,15",透過流域走讀、耆老訪談與古地圖比對，整理赤蘭溪上游聚落、取水、耕作與產業變遷記憶。活動不只帶領民眾認識河流，也將口述歷史與地方地景轉化為可保存、可展示、可延伸為數位探索的地方知識素材。,41,,林群桓,赤蘭溪、口述歷史、流域文化、地方記憶,public/images/activities/114-016/01.JPG,,"public/images/activities/114-016/01.JPG,public/images/activities/114-016/02.JPG,public/images/activities/114-016/03.JPG,public/images/activities/114-016/04.JPG,public/images/activities/114-016/05.JPG,public/images/activities/114-016/06.JPG,public/images/activities/114-016/07.JPG,public/images/activities/114-016/08.JPG,public/images/activities/114-016/09.JPG,public/images/activities/114-016/10.JPG",,,,是,來源：114年公民素養結案報告.pdf；總表首場寫10/06，詳細成果頁寫11/06，本欄採詳細成果頁日期。；SDGs補充說明：SDG 4 優質教育、SDG 6 淨水及衛生、SDG 11 永續城市與社區、SDG 15 保育陸域生態：以赤蘭溪流域走讀、口述歷史與古地圖比對記錄水文、耕作與地方生活。；SDGs補充說明：SDG 4 優質教育、SDG 6 淨水及衛生、SDG 11 永續城市與社區、SDG 15 保育陸域生態：以赤蘭溪流域走讀、口述歷史與古地圖比對記錄水文、耕作與地方生活。
114-017,114,尋水而行：赤蘭溪生態走讀,10/24－10/25,中埔鄉,國立嘉義大學社口林場實驗館及夜間生態走讀路線,114年度社區大學公民素養特色課程計畫－走進嘉鄉一百問：拾光・記憶・行動,生態走讀,赤蘭溪流域生態,"4,13,15",透過夜間生態觀察與室內講解，帶領參與者認識赤蘭溪流域動植物、森林植被與棲地環境。活動將生態知識連結到流域保育與地方環境理解，並累積赤蘭溪生態教育、圖文手冊與後續數位探索內容的基礎資料。,34,國立嘉義大學森林暨自然資源學系系學會,曾毓文,赤蘭溪、生態走讀、夜間觀察、環境教育,public/images/activities/114-017/01.JPG,,"public/images/activities/114-017/01.JPG,public/images/activities/114-017/02.JPG,public/images/activities/114-017/03.JPG,public/images/activities/114-017/04.JPG,public/images/activities/114-017/05.JPG,public/images/activities/114-017/06.JPG,public/images/activities/114-017/07.JPG,public/images/activities/114-017/08.JPG",,,,是,來源：114年公民素養結案報告.pdf、114年度公共參與成果報告書-0113.docx；兩份文件為同一活動，不重複列入。；SDGs補充說明：SDG 4 優質教育、SDG 13 氣候行動、SDG 15 保育陸域生態：透過夜間生態觀察與室內講解認識流域動植物、森林植被及環境保育。；SDGs補充說明：SDG 4 優質教育、SDG 13 氣候行動、SDG 15 保育陸域生態：透過夜間生態觀察與室內講解認識流域動植物、森林植被及環境保育。
114-018,114,船仔媽廟街散策,11/5,新港鄉,新港奉天宮、大興宮、培桂堂、源發號、金長利,114年度社區大學公民素養特色課程計畫－走進嘉鄉一百問：拾光・記憶・行動,走讀,地方信仰與產業文化,"4,8,11",從新港奉天宮與船仔媽傳說出發，帶領參與者走訪廟街歷史據點與百年店家，認識信仰、產業與地方生活的連結。活動將地方傳說、宗教場域與老店故事串聯為可走讀的文化路線，累積新港廟街地方記憶與導覽素材。,20,,陳時儂、陳炳鑽,新港、船仔媽、廟街、地方產業,public/images/activities/114-018/01.jpg,,"public/images/activities/114-018/01.jpg,public/images/activities/114-018/02.jpg,public/images/activities/114-018/03.jpg,public/images/activities/114-018/04.jpg,public/images/activities/114-018/05.jpg,public/images/activities/114-018/06.jpg,public/images/activities/114-018/07.jpg",,,,是,來源：114年公民素養結案報告.pdf；SDGs補充說明：SDG 4 優質教育、SDG 8 合適工作與經濟成長、SDG 11 永續城市與社區：從新港信仰、廟街歷史據點與百年店家認識地方產業及生活文化。；SDGs補充說明：SDG 4 優質教育、SDG 8 合適工作與經濟成長、SDG 11 永續城市與社區：從新港信仰、廟街歷史據點與百年店家認識地方產業及生活文化。
114-019,114,新港廟宇藝術及文化踏查,11/20－11/21,新港鄉、朴子市,新港鄉海賊庄、朴子第一市場及相關文化場域,114年度社區大學公民素養特色課程計畫－走進嘉鄉一百問：拾光・記憶・行動,系列走讀,廟宇藝術與地方文化,"4,8,11",透過交趾陶、紙糊、北管等工藝與廟宇文化踏查，帶領參與者理解嘉義廟宇藝術背後的藝師技法、信仰生活與地方脈絡。活動將分散於廟宇、工藝與市場場域中的文化資源整理為學習內容，累積新港與朴子傳統藝術推廣素材。,67,,謝東哲、蔡承哲、黃秀雄,新港、朴子、廟宇藝術、交趾陶、紙糊、北管,public/images/activities/114-019/01.jpg,,"public/images/activities/114-019/01.jpg,public/images/activities/114-019/02.jpg,public/images/activities/114-019/03.jpg,public/images/activities/114-019/04.jpg,public/images/activities/114-019/05.jpg,public/images/activities/114-019/06.jpg,public/images/activities/114-019/07.jpg,public/images/activities/114-019/08.jpg",,,,是,來源：114年公民素養結案報告.pdf；SDGs補充說明：SDG 4 優質教育、SDG 8 合適工作與經濟成長、SDG 11 永續城市與社區：以廟宇藝術、交趾陶、紙糊與北管踏查保存地方文化資產。；SDGs補充說明：SDG 4 優質教育、SDG 8 合適工作與經濟成長、SDG 11 永續城市與社區：以廟宇藝術、交趾陶、紙糊與北管踏查保存地方文化資產。
114-020,114,笨南港廟宇走讀,11/11,新港鄉,南港水仙宮、復興鐵橋,114年度社區大學公民素養特色課程計畫－走進嘉鄉一百問：拾光・記憶・行動,走讀,地方歷史與信仰,"4,11",走訪南港水仙宮與復興鐵橋，帶領參與者理解笨港興衰、民間信仰、糖業運輸與聚落發展的關係。活動透過路線走讀串聯歷史地景與地方故事，讓新港地方記憶轉化為可保存、可導覽的文化內容。,19,,陳時儂,新港、笨南港、水仙宮、復興鐵橋,public/images/activities/114-020/01.jpg,,"public/images/activities/114-020/01.jpg,public/images/activities/114-020/02.jpg,public/images/activities/114-020/03.jpg,public/images/activities/114-020/04.jpg,public/images/activities/114-020/05.jpg",,,,是,來源：114年公民素養結案報告.pdf；SDGs補充說明：SDG 4 優質教育、SDG 11 永續城市與社區：透過笨南港、水仙宮及復興鐵橋走讀，認識地方歷史、信仰與聚落記憶。；SDGs補充說明：SDG 4 優質教育、SDG 11 永續城市與社區：透過笨南港、水仙宮及復興鐵橋走讀，認識地方歷史、信仰與聚落記憶。
114-021,114,新港農實力,8/16,新港鄉,新港國中校史室,114年度社區大學公民素養特色課程計畫－走進嘉鄉一百問：拾光・記憶・行動,工作坊,食農教育與地方產業,"2,4,8,12",以新港空心菜、甜椒等在地農產作為學習素材，透過加工與手作實作，讓參與者理解農產從產地、飲食到生活應用的多元可能。活動將地方物產轉化為可體驗、可展示的學習成果，也累積新港食農教育與地方產業推廣素材。,50,新港國中,呂佩珍,新港、農產、空心菜、甜椒、食農教育,public/images/activities/114-021/01.jpg,,"public/images/activities/114-021/01.jpg,public/images/activities/114-021/02.jpg,public/images/activities/114-021/03.jpg,public/images/activities/114-021/04.jpg,public/images/activities/114-021/05.jpg,public/images/activities/114-021/06.jpg",,,,是,來源：114年公民素養結案報告.pdf；SDGs補充說明：SDG 2 消除飢餓、SDG 4 優質教育、SDG 8 合適工作與經濟成長、SDG 12 責任消費與生產：以新港農產及食農教育連結地方產業特色與消費認識。；SDGs補充說明：SDG 2 消除飢餓、SDG 4 優質教育、SDG 8 合適工作與經濟成長、SDG 12 責任消費與生產：以新港農產及食農教育連結地方產業特色與消費認識。
114-022,114,永續木作共好計畫,8/2、8/9、8/10、8/16、8/17,嘉義縣,敏道家園,114年度社區大學公民素養特色課程計畫－走進嘉鄉一百問：拾光・記憶・行動,系列工作坊,木工修繕與社會實踐,"4,10,11,12",透過木工修繕行動回應敏道家園實際需求，完成45件木製家具修繕及10組身心障礙者專用碗。活動讓學員將課堂所學轉化為社區服務，實踐「修繕代替汰換」的資源再利用理念，也累積木工課程連結社福機構與地方共好的具體案例。,90,敏道家園,陳嘉雄,木工、家具修繕、共好、社會實踐,public/images/activities/114-022/01.jpg,,"public/images/activities/114-022/01.jpg,public/images/activities/114-022/02.jpg,public/images/activities/114-022/03.jpg,public/images/activities/114-022/04.jpg,public/images/activities/114-022/05.jpg,public/images/activities/114-022/06.JPG,public/images/activities/114-022/07.jpg,public/images/activities/114-022/08.jpg",,,,是,來源：114年公民素養結案報告.pdf；文件未明列敏道家園所屬鄉鎮，地區暫列嘉義縣。；SDGs補充說明：SDG 4 優質教育、SDG 10 減少不平等、SDG 11 永續城市與社區、SDG 12 責任消費與生產：透過木工修繕與家具再利用實踐社區服務、資源循環與共好。；SDGs補充說明：SDG 4 優質教育、SDG 10 減少不平等、SDG 11 永續城市與社區、SDG 12 責任消費與生產：透過木工修繕與家具再利用實踐社區服務、資源循環與共好。
114-023,114,永續生活農業,8/22－10/22,中埔鄉、番路鄉,和興國小、月葉農場,114年度社區大學公民素養特色課程計畫－走進嘉鄉一百問：拾光・記憶・行動,系列課程,永續農業與食農教育,"2,4,12,15",結合校園與農場學習，帶領參與者認識友善耕作、農業生產與永續生活的關係。活動讓學員從實地觀察與課程體驗中理解農業與環境的連結，並累積中埔地區食農教育與永續農業推廣的成果素材。,39,和興國小、月葉農場,蔡巨才,中埔、番路、永續農業、食農教育,public/images/activities/114-023/01.jpg,,"public/images/activities/114-023/01.jpg,public/images/activities/114-023/02.jpg,public/images/activities/114-023/03.jpg,public/images/activities/114-023/04.jpg,public/images/activities/114-023/05.jpg,public/images/activities/114-023/06.jpg,public/images/activities/114-023/07.jpg",,,,是,來源：114年公民素養結案報告.pdf；SDGs補充說明：SDG 2 消除飢餓、SDG 4 優質教育、SDG 12 責任消費與生產、SDG 15 保育陸域生態：以永續農業與食農教育推動友善土地、地方生產與生活連結。；SDGs補充說明：SDG 2 消除飢餓、SDG 4 優質教育、SDG 12 責任消費與生產、SDG 15 保育陸域生態：以永續農業與食農教育推動友善土地、地方生產與生活連結。
114-024,114,提前理財規劃做好退休準備,5/24,朴子市,嘉義縣公共圖書館B1,金融知識普及計畫,講座,金融教育,"4,8,10",介紹退休理財規劃、實用工具與股票投資注意事項，協助參與者建立及早行動的觀念。,29,嘉義縣公共圖書館,,退休、理財規劃、投資風險,public/images/activities/114-024/01.jpg,,"public/images/activities/114-024/01.jpg,public/images/activities/114-024/02.jpg,public/images/activities/114-024/03.jpg,public/images/activities/114-024/04.jpg",,,,是,來源：投資未來系列講座-成果報告表1140524.pdf；SDGs補充說明：SDG 4 優質教育、SDG 8 合適工作與經濟成長、SDG 10 減少不平等：透過退休理財與投資風險教育提升樂齡與民眾金融素養。；SDGs補充說明：SDG 4 優質教育、SDG 8 合適工作與經濟成長、SDG 10 減少不平等：透過退休理財與投資風險教育提升樂齡與民眾金融素養。
114-025,114,防範網路投資詐騙的必備知識,6/27,朴子市,嘉義縣公共圖書館B1,金融知識普及計畫,講座,金融教育與防詐,"4,8,16,5",介紹常見網路投資詐騙手法、查證方式與165反詐騙資源，提升辨識及風險防範能力。,37,嘉義縣公共圖書館,,投資詐騙、防詐、金融教育、165,public/images/activities/114-025/01.jpg,,"public/images/activities/114-025/01.jpg,public/images/activities/114-025/02.jpg,public/images/activities/114-025/03.jpg",,,,是,來源：投資未來系列講座-成果報告表1140627.pdf；SDGs補充說明：SDG 4 優質教育、SDG 8 合適工作與經濟成長、SDG 16 和平正義與健全制度：以投資詐騙防範及165資訊宣導提升金融安全與公民防詐能力。；SDGs補充說明：SDG 4 優質教育、SDG 8 合適工作與經濟成長、SDG 16 和平正義與健全制度：以投資詐騙防範及165資訊宣導提升金融安全與公民防詐能力。
114-026,114,友善釣魚・與海為友,6/7、6/12、10/18、11/4、11/8,東石鄉,魚擬共舞路亞基地,114年度海洋保育在地守護計畫,系列體驗課程,海洋保育,"4,12,14",透過五場友善釣魚體驗，將釣場安全、生態解說與負責任釣魚觀念帶入東石海線場域。參與者不只學習釣魚技巧，也理解漁獲處理、垃圾減量與棲地保護之間的關係，進一步建立海縣社大以海洋素養推動地方教育的特色主題。,200,魚擬共舞路亞基地,陳秉順,東石、友善釣魚、海洋保育、體驗課程,public/images/activities/114-026/01.jpg,,"public/images/activities/114-026/01.jpg,public/images/activities/114-026/02.jpg,public/images/activities/114-026/03.jpg,public/images/activities/114-026/04.jpg,public/images/activities/114-026/05.jpg,public/images/activities/114-026/06.jpg,public/images/activities/114-026/07.JPEG,public/images/activities/114-026/07.jpg,public/images/activities/114-026/08.jpeg,public/images/activities/114-026/08.jpg",,,,是,來源：海洋保育計畫-結案成果報告-社團法人台灣國際學術交流學會.pdf；五場延續活動合併。；SDGs補充說明：SDG 4 優質教育、SDG 12 責任消費與生產、SDG 14 保育海洋生態：透過友善釣魚體驗建立責任漁獲、海洋保育與永續利用觀念。；SDGs補充說明：SDG 4 優質教育、SDG 12 責任消費與生產、SDG 14 保育海洋生態：透過友善釣魚體驗建立責任漁獲、海洋保育與永續利用觀念。
114-027,114,我是小小海洋守護者,5/23、6/10,朴子市,朴子國小,114年度海洋保育在地守護計畫,系列課程,海洋環境教育,"4,14",以兒童可理解的故事、圖像與互動方式介紹海洋生物、垃圾減量與保育行動，培養學童守護海洋的基礎觀念。活動將海洋保育議題轉化為國小學童能參與的學習內容，也讓海洋教育從成人課程延伸至親子與校園場域。,57,朴子國小,陳怡秀、曾孟櫻,朴子、海洋教育、兒童、海洋守護,public/images/activities/114-027/01.jpg,,"public/images/activities/114-027/01.jpg,public/images/activities/114-027/02.jpg,public/images/activities/114-027/03.jpg,public/images/activities/114-027/04.jpg,public/images/activities/114-027/05.jpg,public/images/activities/114-027/06.jpg,public/images/activities/114-027/07.jpg,public/images/activities/114-027/08.jpg",,,,是,來源：海洋保育計畫-結案成果報告-社團法人台灣國際學術交流學會.pdf；首場男女小計與總數不一致，本欄採各場明列總人數28與29合計。；SDGs補充說明：SDG 4 優質教育、SDG 14 保育海洋生態：以兒童海洋教育培養小小海洋守護者，建立海洋保育基礎概念。；SDGs補充說明：SDG 4 優質教育、SDG 14 保育海洋生態：以兒童海洋教育培養小小海洋守護者，建立海洋保育基礎概念。
114-028,114,認識我們的媽祖魚,5/16,朴子市,嘉義縣立圖書館,114年度海洋保育在地守護計畫,講座,海洋生態,"4,14,15",透過媽祖魚及其棲地處境介紹，引導參與者認識海洋哺乳動物、海岸環境與棲地保育議題。活動將較抽象的海洋生態保育轉化為具地方連結的學習內容，協助民眾理解海線生態與日常生活行動的關係。,32,台灣媽祖魚保育聯盟,丁小雯,媽祖魚、海洋生態、棲地保育,public/images/activities/114-028/01.jpg,,"public/images/activities/114-028/01.jpg,public/images/activities/114-028/02.jpg,public/images/activities/114-028/03.jpg",,,,是,來源：海洋保育計畫-結案成果報告-社團法人台灣國際學術交流學會.pdf；文件未明列活動地點。；SDGs補充說明：SDG 4 優質教育、SDG 14 保育海洋生態、SDG 15 保育陸域生態：以媽祖魚及棲地保育認識海洋生態與沿海環境保護。；SDGs補充說明：SDG 4 優質教育、SDG 14 保育海洋生態、SDG 15 保育陸域生態：以媽祖魚及棲地保育認識海洋生態與沿海環境保護。
114-029,114,一尾魚的告白,6/20,朴子市,嘉義縣立圖書館,114年度海洋保育在地守護計畫,講座,海洋保育,"4,12,14",從魚類生命、漁業資源與海洋永續角度出發，引導參與者思考消費選擇、捕撈行為與海洋環境之間的關係。活動透過生活化敘事提升民眾對海洋資源保育的理解，並補充海洋教育中「飲食、產業與永續」的學習面向。,34,,張維倫,魚類、漁業資源、海洋永續,public/images/activities/114-029/01.jpg,,"public/images/activities/114-029/01.jpg,public/images/activities/114-029/02.jpg,public/images/activities/114-029/03.jpg,public/images/activities/114-029/04.jpg,public/images/activities/114-029/05.jpg",,,,是,來源：海洋保育計畫-結案成果報告-社團法人台灣國際學術交流學會.pdf；文件未明列活動地點。；SDGs補充說明：SDG 4 優質教育、SDG 12 責任消費與生產、SDG 14 保育海洋生態：從魚類生命與漁業資源角度思考消費、捕撈與海洋永續。；SDGs補充說明：SDG 4 優質教育、SDG 12 責任消費與生產、SDG 14 保育海洋生態：從魚類生命與漁業資源角度思考消費、捕撈與海洋永續。
114-030,114,小海龜的橡皮圈：海龜遇到的海洋危機,7/5,朴子市,嘉義縣立圖書館,114年度海洋保育在地守護計畫,講座／故事活動,海洋環境教育,"4,12,14",以海龜故事說明海洋廢棄物與塑膠污染對生物造成的影響，引導參與者理解減塑與環境行動的重要性。活動將海洋危機轉化為容易理解的故事學習，鼓勵民眾從日常消費、垃圾減量與環境維護開始實踐海洋保育。,54,嘉義縣立圖書館,施香羽,海龜、海洋廢棄物、減塑、環境教育,public/images/activities/114-030/01.jpg,,"public/images/activities/114-030/01.jpg,public/images/activities/114-030/02.jpg,public/images/activities/114-030/03.jpg,public/images/activities/114-030/04.jpg,public/images/activities/114-030/05.jpg",,,,是,來源：海洋保育計畫-結案成果報告-社團法人台灣國際學術交流學會.pdf；文件未明列活動地點。；SDGs補充說明：SDG 4 優質教育、SDG 12 責任消費與生產、SDG 14 保育海洋生態：以海龜故事說明海洋廢棄物與塑膠污染影響，倡議生活減塑。；SDGs補充說明：SDG 4 優質教育、SDG 12 責任消費與生產、SDG 14 保育海洋生態：以海龜故事說明海洋廢棄物與塑膠污染影響，倡議生活減塑。
114-031,114,貝殼館：從貝殼認識海洋,10/29,朴子市,祥和國小貝殼館,114年度海洋保育在地守護計畫,講座／體驗,海洋生態,"4,14",透過貝殼觀察與解說，帶領參與者認識海洋生物多樣性、棲地環境與資源保育。活動以具體可觸摸、可觀察的素材降低海洋學習門檻，讓民眾從貝殼認識海洋生命，也累積適合親子與校園推廣的海洋教育素材。,34,嘉義縣戶外教育及海洋教育中心,吳基創,貝殼、海洋生物、多樣性、海洋生態,public/images/activities/114-031/01.jpg,,"public/images/activities/114-031/01.jpg,public/images/activities/114-031/02.jpg,public/images/activities/114-031/03.jpg,public/images/activities/114-031/04.jpg,public/images/activities/114-031/05.jpg,public/images/activities/114-031/06.jpg",,,,是,來源：海洋保育計畫-結案成果報告-社團法人台灣國際學術交流學會.pdf；文件未明列活動地點。；SDGs補充說明：SDG 4 優質教育、SDG 14 保育海洋生態：透過貝殼觀察與解說認識海洋生物多樣性及資源保育。；SDGs補充說明：SDG 4 優質教育、SDG 14 保育海洋生態：透過貝殼觀察與解說認識海洋生物多樣性及資源保育。
114-032,114,沿著水走到海,11/6,布袋鎮,好美船屋,114年度海洋保育在地守護計畫,走讀,水環境與海洋保育,"4,6,14,15",以水系與海岸連結為學習主軸，透過走讀理解陸域行為、水環境與海洋生態之間的關係。活動將河流、聚落與海洋保育串聯起來，協助參與者理解環境議題並非單一場域，而是從生活水路一路連到海洋的整體行動。,43,好美農漁產,鄭怡雯,水環境、海岸、海洋保育、走讀,public/images/activities/114-032/01.jpg,,"public/images/activities/114-032/01.jpg,public/images/activities/114-032/02.jpg,public/images/activities/114-032/03.jpg,public/images/activities/114-032/04.jpg,public/images/activities/114-032/05.jpg,public/images/activities/114-032/06.jpg",,,,是,來源：海洋保育計畫-結案成果報告-社團法人台灣國際學術交流學會.pdf；文件未明列活動地點。；SDGs補充說明：SDG 4 優質教育、SDG 6 淨水及衛生、SDG 14 保育海洋生態、SDG 15 保育陸域生態：以水系與海岸走讀理解陸域行為、水環境與海洋生態的關係。；SDGs補充說明：SDG 4 優質教育、SDG 6 淨水及衛生、SDG 14 保育海洋生態、SDG 15 保育陸域生態：以水系與海岸走讀理解陸域行為、水環境與海洋生態的關係。
114-033,114,溯源赤蘭溪成果巡迴展,12月,中埔鄉、朴子市,和興國小、大同國小及嘉義終身學習博覽會,114年度社區大學促進公共參與特色議題計畫－溯源赤蘭溪,成果展,赤蘭溪流域文化,"4,6,11,15",透過校園與公共場域巡迴展，將赤蘭溪田野調查、口述訪談、生態走讀與數位典藏成果轉化為民眾可閱讀、可觀看、可互動的展示內容。活動讓地方知識走出資料整理階段，進一步進入學校教育與公共分享場域，擴大赤蘭溪流域記憶的保存與傳播。,1000,和興國小、大同國小,,赤蘭溪、成果展、田野調查、口述歷史、數位典藏,public/images/activities/114-033/01.JPG,,"public/images/activities/114-033/01.JPG,public/images/activities/114-033/02.JPG,public/images/activities/114-033/03.JPG,public/images/activities/114-033/04.JPG,public/images/activities/114-033/05.JPG,public/images/activities/114-033/06.jpg,public/images/activities/114-033/07.jpg,public/images/activities/114-033/08.jpg",,,,是,"來源：114年度公共參與成果報告書-0113.docx；文件記載整體計畫效益約3,600人次，非本展單獨現場參與人數，因此參與人次留白。；SDGs補充說明：SDG 4 優質教育、SDG 6 淨水及衛生、SDG 11 永續城市與社區、SDG 15 保育陸域生態：以巡迴展展示赤蘭溪田野調查、口述訪談、生態走讀及數位典藏成果。；SDGs補充說明：SDG 4 優質教育、SDG 6 淨水及衛生、SDG 11 永續城市與社區、SDG 15 保育陸域生態：以巡迴展展示赤蘭溪田野調查、口述訪談、生態走讀及數位典藏成果。"
115-001,115,歌仔戲唱腔體驗坊,7/7,朴子市,嘉義縣立圖書館,,工作坊,傳統技藝,"4,11","《歌仔戲唱腔體驗坊》透過講解、示範與實作體驗，讓38位參與者從認識歌仔戲歷史開始，進一步理解唱腔、身段、服裝、水袖、馬鞭及前後台分工等戲曲元素，提升民眾對臺灣傳統戲曲文化的認識與興趣。活動參與者橫跨老、中、青三代，透過共同體驗與互動，促進跨世代交流，也讓長輩的看戲記憶與年輕世代的初次接觸產生連結。
本次活動不僅降低民眾接觸傳統藝術的距離，也將歌仔戲從舞台欣賞轉化為可親身參與的社區學習經驗。學員在穿著戲服、體驗身段與水袖動作的過程中，感受歌仔戲表演背後的專業與文化價值，活動後多位學員表達希望再次參與相關課程，顯示本次體驗有效提升社區民眾對傳統戲曲保存、推廣與傳承的認同。",38,財團法人臺灣歌仔戲推廣基金會,米雪,歌仔戲、傳統戲曲、傳統技藝,public/images/activities/115-001/cover.JPG,,"public/images/activities/115-001/01.JPG,public/images/activities/115-001/02.JPG,public/images/activities/115-001/03.JPG,public/images/activities/115-001/04.JPG,public/images/activities/115-001/05.JPG,public/images/activities/115-001/06.JPG,public/images/activities/115-001/07.JPG",,,,是,來源：0707歌仔戲唱腔體驗坊活動成果表.docx
115-002,115,木藝傳情‧修繕送暖,8/1～8/29,東石鄉,聖心教養院,公民素養計畫,工作坊,木藝傳情‧修繕送暖,"3,4,10,12,17","本次邑米木工修繕社與聖心教養院合作，結合本校木工課程學習與公益服務，由師生實際走入院區進行木製設施及家具修繕。服務內容包含協助修繕可供身心障礙者乘坐休憩的花台木圍欄、花台，以及衣櫃、櫃體抽屜等院區日常使用設備，共完成約15件修繕項目。

活動過程中，學員將課堂所學的木工技術運用於真實場域，依據不同家具與設施的損壞情形進行評估、調整及修復，不僅延長原有物品的使用年限，也改善院區生活空間的安全性與便利性。透過「修繕取代汰換」，讓仍具使用價值的家具與木製設施重新發揮功能，實踐資源循環與減少浪費的永續理念。

此次合作也讓木工學習從個人技藝提升進一步走向社會實踐，透過實際服務回應社福機構需求，增進學員對身心障礙者生活環境及社會福利議題的理解，展現社區大學連結在地、技藝共學與公益服務的行動價值。",40,聖心教養院,陳嘉雄老師,木工修繕、木材再生、聖心教養院、身障友善、公益服務、服務學習、資源循環、家具修繕、社會關懷、社區共好、永續生活、在地合作,https://dyjrzrputeomrmqhkwgi.supabase.co/storage/v1/object/public/cms-public/content/5d5de7b6-6fa8-4e82-8398-a061cc8bf737/a9a5f592-9a19-4a48-9aa7-4ce1af44477a/f05591f3b4bf06d933ea43997395aa40e14a875a1e155cda10506778c56200f4.jpg,,"https://dyjrzrputeomrmqhkwgi.supabase.co/storage/v1/object/public/cms-public/content/5d5de7b6-6fa8-4e82-8398-a061cc8bf737/7bbc79d2-7b64-4bcf-b10a-a06b59371b08/f9045aa14c0da354c9989533ed0ec8658f080b773465feb170610b1578d1a554.jpg,https://dyjrzrputeomrmqhkwgi.supabase.co/storage/v1/object/public/cms-public/content/5d5de7b6-6fa8-4e82-8398-a061cc8bf737/d67ef171-6909-485e-932c-6f37cbc92e90/c023691cf464a94969facb0fcffac32b56e0e0782d9a9fb0dd83da07e9a48770.jpg",,,,是,
115-003,115,夜幕下的赤蘭溪,9/19～9/20,中埔鄉,國立嘉義大學-社口林場實驗館,115年度教育部補助辦理社區大學促進公共參與特色議題計畫,走讀,生態導覽,"4,6,15","本次活動透過夜間實地觀察，由兩位講師帶領學員走入赤蘭溪流域，認識夜間活動的動植物及其棲息環境。學員藉由手電筒及頭燈進行沿線觀察，實際發現蛇類、蛙類、螃蟹、竹節蟲及其他昆蟲與植物，從現場辨識與講師解說中，了解不同物種與溪流、山林及周邊環境之間的關係。

透過連續兩日的夜間觀察，也讓學員看見白天不易發現的生態樣貌，增加對赤蘭溪流域生物多樣性的認識。活動將流域環境教育從課堂延伸至現地，引導參與者在觀察生物的同時，也留意棲地、水域及人為環境對生物生存的影響，建立尊重自然、不任意捕捉及干擾野生動物的觀念。",31,嘉義大學森林暨自然資源學系,曾毓文、顏立凱,夜間生態導覽、社口林場、赤蘭溪生態,https://dyjrzrputeomrmqhkwgi.supabase.co/storage/v1/object/public/cms-public/content/63336c39-ed37-45c2-afe1-18cb6e230091/0cda96ea-803a-422b-9eb4-c8a04742c9ba/467c9adfc53c478b79096f622df561f6229a6b1ce3a6e867b6d17978b07a8378.jpg,,"https://dyjrzrputeomrmqhkwgi.supabase.co/storage/v1/object/public/cms-public/content/63336c39-ed37-45c2-afe1-18cb6e230091/b154e5e5-c182-4fc2-b9aa-c47b93db82bf/8005b5b9efce4dcf964f94ab404c499051718681e4628d16300195e7e8605dbe.jpg,https://dyjrzrputeomrmqhkwgi.supabase.co/storage/v1/object/public/cms-public/content/63336c39-ed37-45c2-afe1-18cb6e230091/8406e40c-353b-4f62-88b3-df599d96eae2/408f85e09a8dee27c465e64ef48619d9398aa40f797405e63e39e3fe9cfc13c8.jpg,https://dyjrzrputeomrmqhkwgi.supabase.co/storage/v1/object/public/cms-public/content/63336c39-ed37-45c2-afe1-18cb6e230091/c17e352d-88e5-4c1d-ad68-92bd668e5fca/7bc516374195a1462e06b7029aeb8618814b5eda9310ed618e79987c660651e1.jpg,https://dyjrzrputeomrmqhkwgi.supabase.co/storage/v1/object/public/cms-public/content/63336c39-ed37-45c2-afe1-18cb6e230091/39e01881-5da3-44f6-9a3d-731e81dc2809/45d6a7d5fd76c75b513868aae5e3faa1e3584179cdf8ff8bc08495d60b69dced.jpg,https://dyjrzrputeomrmqhkwgi.supabase.co/storage/v1/object/public/cms-public/content/63336c39-ed37-45c2-afe1-18cb6e230091/57ec714e-6f51-4900-8bfe-f0f5c72ce0c3/e294500611b3460fd0973baa7e37f44374ee382f2fd5ef2bb7ffcefcf8fc1533.jpg,https://dyjrzrputeomrmqhkwgi.supabase.co/storage/v1/object/public/cms-public/content/63336c39-ed37-45c2-afe1-18cb6e230091/9a59740f-f5e0-49aa-a453-5bdbe96c97f9/891efe6985181b8bf95ae04ab7b40def78618a4c8c361ffcbbac43b1dc6664d7.jpg,https://dyjrzrputeomrmqhkwgi.supabase.co/storage/v1/object/public/cms-public/content/63336c39-ed37-45c2-afe1-18cb6e230091/4964614c-b17f-4e51-a95f-e030f6580185/b887f8e5f9072321cfa3ca30cc42141fa5b0edf0e6e162b09ffe14ab5b3554bb.jpg,https://dyjrzrputeomrmqhkwgi.supabase.co/storage/v1/object/public/cms-public/content/63336c39-ed37-45c2-afe1-18cb6e230091/5f995c23-cf18-4380-8227-3d941b4554d1/8c08d8cae4c085165e44309a0bb0c377f07962d8977033bea18d0cee5c7e58e4.jpg,https://dyjrzrputeomrmqhkwgi.supabase.co/storage/v1/object/public/cms-public/content/63336c39-ed37-45c2-afe1-18cb6e230091/42df0df9-55a3-4650-bac2-0abe5f2a1927/9cda3ef315e48599454eac4e72dbfe43fcc842442d4122d2172d0d520311b87f.jpg",,,是,是,
115-004,115,從源頭說起赤蘭溪故事-三界埔,10/3,中埔鄉,水上三界埔,115年度教育部補助辦理社區大學促進公共參與特色議題計畫,走讀,社區走讀,"4,6,11","本次「從源頭說起赤蘭溪故事－三界埔走讀活動」，由地方資深文史工作者林群桓老師及陳重鏞村長帶領參與者實地走訪三界埔，從聚落環境出發，沿途觀察溪流、水圳、田野及地方生活空間，並透過現地解說，認識三界埔的地理環境與聚落發展。
走讀過程中，兩位帶領者從地方生活經驗與文史資料出發，介紹早期菸草產業、仙草種植、老屋、古井等地方記憶，也帶領參與者實際觀察赤蘭溪及周邊水圳環境。透過現地踏查，讓原本散落於地方耆老記憶、產業發展及自然環境中的故事，能與實際空間相互對照，進一步理解溪流、水圳、農業生產與聚落生活之間的關係。
本次活動亦延續赤蘭溪流域田野調查與地方知識整理工作，透過走讀累積三界埔地區的文史、產業及水環境紀錄，作為後續赤蘭溪流域故事整理、地方書寫及導覽內容發展的基礎。參與者也從實際行走與觀察中，重新認識日常生活周邊的溪流與水圳，增加對赤蘭溪流域環境及地方文化的認識。",18,,林群桓、陳重鏞,走讀、赤蘭溪、三界埔,https://dyjrzrputeomrmqhkwgi.supabase.co/storage/v1/object/public/cms-public/content/a8cf2a02-1f96-49c7-b979-004ee7843ae9/9f101842-30cb-4b6a-be26-3a06f079db1d/37b6ebee6d869b9102a2c044938e67fbb91fedf16b7c339ede7abbd26a4e8699.jpg,,"https://dyjrzrputeomrmqhkwgi.supabase.co/storage/v1/object/public/cms-public/content/a8cf2a02-1f96-49c7-b979-004ee7843ae9/8c38863e-caca-4dc8-b23d-4198c099e4b5/b87ee0cec41554ca09b7438d011fcb7389eeedc540dc7c767b49a4f14e2928b1.jpg,https://dyjrzrputeomrmqhkwgi.supabase.co/storage/v1/object/public/cms-public/content/a8cf2a02-1f96-49c7-b979-004ee7843ae9/92c556b0-226d-48c3-be4f-cc47b0ec12cf/ece07adb4ef4ecc7f8235f8349aeb42e0b0dd77bb5d1df016c2275a615107de3.jpg,https://dyjrzrputeomrmqhkwgi.supabase.co/storage/v1/object/public/cms-public/content/a8cf2a02-1f96-49c7-b979-004ee7843ae9/e85b4c47-0cf4-4648-9e34-59e7eba224b6/b26292d849ab7bc22dabd2307c92b66551bf33a3a666cd58c72fff1913ea5897.jpg,https://dyjrzrputeomrmqhkwgi.supabase.co/storage/v1/object/public/cms-public/content/a8cf2a02-1f96-49c7-b979-004ee7843ae9/7c09d512-49ba-4ebe-acf3-4390d7f0e55b/2848baea290c50cfa52aab7ed157e092e97ab83a99094ad12f9654b27ff710b9.jpg,https://dyjrzrputeomrmqhkwgi.supabase.co/storage/v1/object/public/cms-public/content/a8cf2a02-1f96-49c7-b979-004ee7843ae9/80ac130e-32d0-4022-8373-350936c97677/4e50dd6301bca4fb6ef03dd48ba5f2ae9ff08f800a749d45d021aca8ea09f458.jpg,https://dyjrzrputeomrmqhkwgi.supabase.co/storage/v1/object/public/cms-public/content/a8cf2a02-1f96-49c7-b979-004ee7843ae9/1fdb5026-1640-4602-9dc4-5e7dce73ba2a/503b6a2ad8ef2bce303680e973ed7967635589a0eab7626a7f135ecbe9232394.jpg",,,是,是,
